asdf_id,v4composites_calibrated_201709.1992.mean,v4composites_calibrated_201709.1993.mean,v4composites_calibrated_201709.1994.mean,v4composites_calibrated_201709.1995.mean,v4composites_calibrated_201709.1996.mean,v4composites_calibrated_201709.1997.mean,v4composites_calibrated_201709.1998.mean,v4composites_calibrated_201709.1999.mean,v4composites_calibrated_201709.2000.mean,v4composites_calibrated_201709.2001.mean,v4composites_calibrated_201709.2002.mean,v4composites_calibrated_201709.2003.mean,v4composites_calibrated_201709.2004.mean,v4composites_calibrated_201709.2005.mean,v4composites_calibrated_201709.2006.mean,v4composites_calibrated_201709.2007.mean,v4composites_calibrated_201709.2008.mean,v4composites_calibrated_201709.2009.mean,v4composites_calibrated_201709.2010.mean,v4composites_calibrated_201709.2011.mean,v4composites_calibrated_201709.2012.mean,v4composites_calibrated_201709.2013.mean,Level,gqid,shapeGroup,shapeID,shapeISO,shapeName,shapeType
0,0.571267392794,0.596886775056,0.815137937869,0.932637017867,1.20812735211,1.24474859708,1.28855234173,1.3121433626,1.13783040137,1.17094185419,1.49251081909,1.58777003308,1.62588176752,1.66496741977,1.7915146944,1.71627299021,1.81266245612,0.451659175826,3.50895455471,3.4935745145,2.05589877525,3.45270061749,ADM1,0,THA,THA-ADM1-36821470B65829948,TH-45,Roi Et Province,ADM1
1,0.547429487657,0.983634966895,0.881323588901,1.24705173938,1.43704858026,1.86399740524,1.69269692297,1.16883336745,1.34949674681,1.3276688572,1.36165781212,1.13013654516,1.5406573455,1.19834627092,1.26759487018,1.26990483793,1.41776015155,0.424146197398,3.62996021294,3.27562270719,2.36557646632,2.49821202308,ADM1,1,THA,THA-ADM1-36821470B71159181,TH-56,Phayao Province,ADM1
2,1.12697907457,1.70885374126,1.55479291504,2.06021455358,2.06605287598,1.80113807974,2.34150086546,1.88882079332,2.10995871022,2.16901209673,2.10285273379,2.04948968173,2.65669262738,3.0141813725,2.47760950023,2.56429183979,1.30806935091,2.03448623141,3.54014177617,4.41387536134,3.16573696928,4.07664029115,ADM1,2,THA,THA-ADM1-36821470B71500930,TH-60,Nakhon Sawan Province,ADM1
3,0.293603101129,0.337965467162,0.383760844246,0.545178663766,0.816451470446,0.727336174618,1.4015131797,0.85711290652,1.22528447579,1.08058753966,1.11935570426,0.848894954208,0.80856281781,0.960368294958,1.16337623706,1.22534706688,1.13039321549,0.804911831669,3.65261349957,4.89855570392,3.52773835911,4.86812310674,ADM1,3,THA,THA-ADM1-36821470B80905782,TH-39,Nong Bua Lam Phu Province,ADM1
4,3.05465334557,5.30627727713,5.63932448204,7.17139329459,8.21571712678,7.72458834163,8.18623223041,7.52324031051,7.36137690493,7.46727770157,6.61036389294,7.08911032257,6.97938592291,6.97442019253,6.76449563676,6.59112186208,5.99172237826,3.17338196063,6.44352810219,8.1287742709,7.02951946695,7.98721228802,ADM1,4,THA,THA-ADM1-36821470B68807469,TH-24,Chachoengsao Province,ADM1
5,0.387221831678,0.39835061832,0.506501791376,0.766739280698,0.805627838138,0.779983504505,0.881895747042,0.809167768939,0.85746498385,0.858267102804,0.902208786716,0.981177295766,1.024538223,1.06718405838,0.659660394206,0.646424690835,0.570226599465,0.34335602502,2.56664145171,2.31881861433,1.76837297573,2.22262956416,ADM1,5,THA,THA-ADM1-36821470B76013176,TH-32,Surin Province,ADM1
6,1.19647586391,1.71947083351,1.90020096476,2.50712418077,2.81258151192,2.73026139341,2.60473652975,2.51484048471,2.37617600008,2.65387743492,2.55008125366,2.72418504634,3.03873478597,2.88763913933,2.62857958809,2.62361255408,1.57811606785,1.60526953721,3.71314396483,4.41508904027,3.61211235768,4.36580668587,ADM1,6,THA,THA-ADM1-36821470B90360286,TH-30,Nakhon Ratchasima Province,ADM1
7,0.47690620847,0.727256693676,0.335113740428,1.06599968424,1.1608430807,1.3788246626,1.61834090259,1.42337146598,1.32873264903,1.63116657863,1.65943011904,2.02984883662,2.27303549241,2.0463090618,2.26481085779,2.28937462906,1.75823206606,0.665773046517,3.54946558531,3.39242441801,3.6568787562,3.56269981538,ADM1,7,THA,THA-ADM1-36821470B88830326,TH-64,Sukhothai Province,ADM1
8,2.02651894784,2.72040318189,2.6743706921,3.2627691387,3.50162983129,3.33499898756,3.73503205763,3.07053239114,3.14444022545,3.29790344693,3.21093050915,3.59793273786,3.53974920279,3.91034523463,3.45084837333,3.64156429941,4.12834043234,4.29551006299,4.8614484489,5.20557310636,5.18017257502,6.00394686658,ADM1,8,THA,THA-ADM1-36821470B43092989,TH-76,Phetchaburi Province,ADM1
9,0.396855826908,0.480260107094,0.598307577739,0.804801361596,0.860683562271,0.772067773153,0.85027972534,0.885276737125,0.974259912669,1.14319857748,1.1287821306,1.02950621514,1.39685348694,1.37356495895,1.33945328959,1.24180357611,0.438570024595,0.424349298102,2.69132823709,2.76918817327,2.20394819685,3.26864849574,ADM1,9,THA,THA-ADM1-36821470B31347890,TH-36,Chaiyaphum Province,ADM1
10,0.372242436301,0.612398479781,0.579018096496,0.751622451539,0.886798348132,0.885314036993,0.997483804557,0.931967612449,1.20209392312,1.26226049073,1.12976930189,1.33717942582,1.44021981453,1.53029769217,1.48674087361,1.56834108156,0.898214316584,0.789067733831,2.36294035004,2.71519909612,2.06642153313,2.53249953871,ADM1,10,THA,THA-ADM1-36821470B16005684,TH-67,Phetchabun Province,ADM1
11,1.08961899938,1.65888535546,1.36844953785,2.27378625958,2.44185775967,2.31253644916,3.0212060882,2.66899997113,2.78627392874,2.88993841234,3.06233206435,3.46246939257,3.70864483815,3.57348948887,2.97269602931,3.14756157447,3.37822821938,3.21320887775,3.78427289677,3.65972652731,3.51725226767,3.59497275479,ADM1,11,THA,THA-ADM1-36821470B7258223,TH-84,Surat Thani Province,ADM1
12,0.372329960717,0.430152354293,0.468969831439,0.627162100631,0.671412749282,0.84621821826,0.780894567796,0.696258499402,0.910165549125,0.875472902537,1.03634216697,1.23835183883,0.919575738752,0.940673009536,0.737420868456,0.74288939225,0.782272406901,0.321350424412,2.44976782308,2.42217282577,1.67146894791,1.95491439581,ADM1,12,THA,THA-ADM1-36821470B58106724,TH-33,Si Sa Ket Province,ADM1
13,0.860042506384,0.998631871587,1.44942530328,1.60041870024,1.7370888048,2.37929917661,1.4099700668,1.12934618426,2.25895452965,1.95344802967,2.01338947108,2.10835340785,2.2844124337,1.95097545763,2.31845509012,2.25185356853,2.59065712261,1.96231992246,3.35468266951,3.65379860944,2.87527279658,3.97272415083,ADM1,13,THA,THA-ADM1-36821470B36588148,TH-43,Nong Khai Province,ADM1
14,48.1126064981,50.676953901,50.3794491813,52.2169223917,53.1745641525,52.4729077232,52.2137429008,51.3267810661,51.5663513604,52.2281801284,48.7766800773,52.3295874944,52.6711501335,52.4875796316,52.4590848529,49.0672707463,53.2874132564,53.3881340447,31.5631750238,42.8881582346,37.6176641303,42.1313691449,ADM1,14,THA,THA-ADM1-36821470B34186964,TH-10,Bangkok,ADM1
15,1.53004450213,1.73544943552,1.8881336146,2.51792780193,2.73184326653,2.90039111469,3.16934993178,3.18526380082,3.19573771672,3.37738703924,3.39630737902,3.21206385477,4.10963485054,3.86686136452,4.05015799797,3.82116380592,3.21620639991,1.67860059607,5.15240359487,5.81495602494,4.87453481601,6.27403890174,ADM1,15,THA,THA-ADM1-36821470B60486434,TH-40,Khon Kaen Province,ADM1
16,0.214860455779,0.264399212905,0.273057083052,0.472541030535,0.530640501276,0.54341955313,0.831868545315,0.733956769539,0.785551069043,0.73782312556,0.808665168564,0.800150847671,0.807131817713,0.875629487929,0.868120667174,0.928129399879,1.00635105893,0.511657207557,1.73715189448,1.75579309382,1.6004730514,2.06647771189,ADM1,16,THA,THA-ADM1-36821470B90580634,TH-42,Loei Province,ADM1
17,9.08467165834,11.1199067942,11.336259443,13.1596442273,14.9386251014,12.2865951633,12.7313317405,11.4578154354,11.1435979604,10.8072832719,10.1014246208,11.2183057286,12.2567390583,12.2930159457,11.155457337,11.7620794093,7.8414379591,8.885479189,11.2869740215,13.6018463767,12.5656456599,14.1951958934,ADM1,17,THA,THA-ADM1-36821470B31642809,TH-19,Saraburi Province,ADM1
18,0.129120838099,0.194744257226,0.341662651255,0.59065882862,0.530840217588,0.536403577977,0.761179277822,0.492532686791,0.662277694615,0.559569456806,0.727653409927,0.737195800592,0.921934181059,1.10034352607,0.866804872696,1.0939654758,0.266839454707,0.578947279539,1.60426274656,2.09279902616,1.62844117522,2.19795170301,ADM1,18,THA,THA-ADM1-36821470B74570031,TH-61,Uthai Thani Province,ADM1
19,1.86875986296,2.80540408797,2.04248002362,3.57527555001,3.26938030806,2.64113040583,3.61384513634,3.42007920183,3.15317808199,3.19554716342,2.99300894954,3.70365770024,3.32267451257,3.17512281038,3.05461236371,3.25415797952,2.96688207679,3.80214685069,4.38021317549,4.0578360862,3.94329359166,4.00634661431,ADM1,19,THA,THA-ADM1-36821470B54436934,TH-86,Chumphon Province,ADM1
20,0.595511023043,0.613603127893,0.785943900234,1.01253125864,1.03320562548,1.37530239548,1.5255811195,1.61474776208,1.53786591288,1.65676702336,2.19682689433,1.98863003903,2.65570824462,2.61808318502,2.74055775822,3.13989974738,4.00815538914,0.736944933853,4.24065348262,5.42570850521,3.24095699553,4.75272772012,ADM1,20,THA,THA-ADM1-36821470B87472110,TH-46,Kalasin,ADM1
21,0.878604320932,1.0260264895,0.676690500949,1.28574662184,1.36962494447,1.27917804973,1.472829202,1.34896200975,1.66842800958,1.77891082343,1.70491391591,1.94725377073,2.13857967492,2.31526147238,2.43446631255,2.21144518857,1.60674263319,0.966466911265,2.6989828422,2.82678710938,2.52622440886,2.97282589335,ADM1,21,THA,THA-ADM1-36821470B88373360,TH-65,Phitsanulok Province,ADM1
22,0.867672034322,1.60962759485,1.14595956234,2.04878834621,1.69880153727,1.40677873238,1.96860536626,1.53602481276,1.54826488217,1.67141328591,1.4976618046,2.09212733428,1.94496288198,1.67709834072,1.62952619097,1.82534548228,1.47510959569,1.97928049956,2.37918324779,2.36352842729,1.99133856726,2.25352020489,ADM1,22,THA,THA-ADM1-36821470B20735688,TH-85,Ranong Province,ADM1
23,0.927657463098,1.0595251669,1.10516570813,1.52165982094,1.71569343755,2.06739396078,2.0830531141,1.73308856599,2.39562068125,1.96311264449,2.30003267618,1.93035435397,2.43516603026,2.36023458158,2.51595406702,2.58789513764,2.64602947381,1.22628215692,3.50954391429,3.97581136298,3.32265754418,4.57767129821,ADM1,23,THA,THA-ADM1-36821470B44110237,TH-41,Udon Thani Province,ADM1
24,0.376512717087,0.465225915731,0.801555653957,0.936821551849,1.06543928538,1.47111552412,1.02917821742,0.721994236178,1.44139262741,1.26616902395,1.23766602171,1.05296826033,1.18207411352,1.2792859042,1.41214244268,1.55289103245,1.62180158157,0.548871769012,2.19909061127,2.33331924136,1.62022837917,2.3575442276,ADM1,24,THA,THA-ADM1-36821470B4581928,TH-47,Sakon Nakhon Province,ADM1
25,1.11334124232,1.77606333528,1.44356120775,1.94460856625,2.10135322503,2.65351183662,2.40709719526,1.55680180669,2.14634519804,1.90206649454,2.08780538112,1.70787912975,2.0664753283,1.85815284099,2.17425553525,2.14814255372,2.35164636093,0.81503120751,4.67467127102,4.39363310766,3.58622808616,4.05931947967,ADM1,25,THA,THA-ADM1-36821470B67837341,TH-57,Chiang Rai Province,ADM1
26,0.267328272588,0.428891066635,0.2478023096,0.467602086716,0.530860620764,0.489591289022,0.575470735201,0.619909447825,0.667532237044,0.853616612424,0.712664964675,0.811080682855,0.767433432566,0.760020238743,0.758266099536,0.77212738038,0.692706418675,0.286499900132,1.36114698247,1.18346426538,1.20078331188,1.27325285033,ADM1,26,THA,THA-ADM1-36821470B37012109,TH-63,Tak Province,ADM1
27,13.9111976244,17.8582829722,15.3044718398,18.9545190202,20.1747307727,18.9231485222,20.5645637183,19.9139676508,19.1651008633,20.6988830865,18.4022140493,19.7228388368,20.3992990557,20.6874504644,19.0503799979,19.663548064,19.9136120638,16.4381976073,17.6216190006,19.945945953,20.1195515667,23.0335564088,ADM1,27,THA,THA-ADM1-36821470B65263587,TH-73,Nakhon Pathom Province,ADM1
28,1.27783278517,2.29923533062,1.62313990926,2.69278764307,2.9273014748,2.95693079693,3.05802904165,2.37966381196,2.4594525944,2.96975743607,2.85163214941,2.84244953577,3.28102240202,2.71286871446,2.9929001083,2.9552002277,3.23135392861,1.37972215768,5.42478444819,4.42584989523,3.82167678396,4.50170160773,ADM1,28,THA,THA-ADM1-36821470B88642788,TH-51,Lamphun Province,ADM1
29,1.40584104215,2.53116288966,2.38210589471,2.88729389776,2.48661198353,2.60679089143,2.55574215133,2.2196979638,2.67584219081,2.95365034571,2.63740681382,2.83603647451,2.55963684494,2.38459635096,2.32048838379,2.08785649736,1.87360449213,0.691892909768,2.48083402398,3.2408459854,2.08415451253,2.68895643222,ADM1,29,THA,THA-ADM1-36821470B38804215,TH-23,Trat Province,ADM1
30,3.85971842213,6.02963042788,4.50371971943,6.06476905052,6.80140842886,5.6154241047,7.32645584282,5.7229540755,5.85253791192,6.09987933749,5.91003007908,6.62016562166,6.73501422278,7.03735818258,6.30537146226,6.75490093693,7.26378778058,7.06267139736,7.68126370361,8.46008571149,8.05281552162,9.23573754026,ADM1,30,THA,THA-ADM1-36821470B61882179,TH-70,Ratchaburi Province,ADM1
31,0.395060917317,0.631115297018,0.672974960461,0.778715675379,0.877076829951,0.828095991881,0.974342731398,1.24889296223,0.993870978605,1.05407711594,1.30848409715,1.40913950111,1.21091753688,1.33539726041,1.32554657536,1.50965197439,1.7367557758,0.316471984312,2.61941258275,2.25853381518,1.49202565323,2.64112722174,ADM1,31,THA,THA-ADM1-36821470B46441872,TH-35,Yasothon Province,ADM1
32,0.620452686863,1.0758216752,0.790834468768,1.36956920643,1.19346994841,1.38501519718,1.60090790842,1.56393505896,1.58870710968,1.58523650527,1.70627954316,1.57047263676,1.93206207387,1.48439496008,1.57908431849,1.5430729238,1.75543287897,0.737510411026,3.50328027039,2.73249598232,2.58917803554,2.41936066855,ADM1,32,THA,THA-ADM1-36821470B73544216,TH-54,Phrae Province,ADM1
33,0.551938335131,0.996007614417,0.932688743288,1.42431400859,1.83552500771,1.7317792602,1.90133476877,1.81434433626,1.65116292257,1.66486825596,1.86188758846,2.10670812625,2.33212616968,2.61079617439,2.51184482383,2.68191841111,2.95721631756,2.75735532462,3.33263629735,3.60994551868,3.14732681087,3.21783266136,ADM1,33,THA,THA-ADM1-36821470B2766038,TH-95,Yala Province,ADM1
34,0.500861789087,0.607390881276,0.349936622371,0.923877708868,0.942708250925,0.948162360091,1.24163450841,1.15878971252,1.12964223,1.21161445138,1.16231319682,1.34517309655,1.50645141171,1.26265730165,1.32478107362,1.21146695297,1.56368549364,0.472630715997,2.45812521275,2.01550132799,2.24251446201,2.17054159838,ADM1,34,THA,THA-ADM1-36821470B86168151,TH-53,Uttaradit Province,ADM1
35,0.349759871485,0.452497723367,0.542544527103,0.879160543282,0.973757736837,0.966359721505,1.21496146485,0.984338980843,0.840211134014,1.01491224324,1.00715582043,1.02763142123,1.28531609062,1.36330088701,0.629628076475,0.596023163549,0.524531999965,0.443837876721,2.45443282162,2.9242042871,2.26854317584,2.76285382719,ADM1,35,THA,THA-ADM1-36821470B60309299,TH-31,Buri Ram Province,ADM1
36,1.8133718786,1.55912264058,0.74724805093,1.56636324355,1.53934137073,1.56987674813,1.96469351375,1.55567658514,1.54726060092,1.86130081762,1.66750820663,1.6635070752,1.79946026331,1.6083149176,1.63695378989,1.76850062719,0.98892519882,0.617007843034,3.2739759848,3.17753166075,2.90119077428,3.53844335621,ADM1,36,THA,THA-ADM1-36821470B81212793,TH-62,Kamphaeng Phet Province,ADM1
37,0.933909347491,1.59191250158,0.9212918918,1.72487071421,1.64561607544,1.78747219475,1.79318037736,1.65469819571,1.80978948659,1.96611043781,1.8597918912,1.78464403293,1.99579494249,1.56341449879,1.70506013336,1.57084778357,1.74997314992,0.738853954663,4.08540083191,3.26549661495,2.7529033203,2.95316057402,ADM1,37,THA,THA-ADM1-36821470B69055282,TH-52,Lampang Province,ADM1
38,35.3513097761,35.1438171284,34.7486606528,40.7690910642,43.1280424738,42.4428701074,41.1022244131,41.1024250676,37.7864341542,38.4209471979,36.0130390418,40.8737834445,40.8225775321,42.9558464524,42.4791919312,40.6727376441,42.9770525819,42.1678205717,28.5286302815,34.8272186859,34.0344916636,38.0930476828,ADM1,38,THA,THA-ADM1-36821470B8335371,TH-12,Nonthaburi Province,ADM1
39,0.156862677727,0.292263212237,0.29243354851,0.366550089024,0.442875261025,0.870394537401,0.728688012957,0.490723410476,0.981398617271,1.02981734389,0.955897918318,0.747978743754,0.603021547661,0.685747499817,0.780759281938,1.02577970308,1.08446313942,0.668192410196,1.64846148222,1.80234769316,1.13962763028,1.61334431856,ADM1,39,THA,THA-ADM1-36821470B52794573,TH-38,Bueng Kan Province,ADM1
40,0.718250588073,0.865973255358,0.83216002372,2.10058000591,2.32340498784,2.78421850004,2.79781064457,2.79824377036,2.73753611183,3.21024696868,3.64127096223,3.6925479848,3.71039606411,4.25536892129,3.58279976549,3.69520652187,3.81811610789,3.67921135255,4.58113601539,4.55016143114,4.72392576358,4.30217786099,ADM1,40,THA,THA-ADM1-36821470B17453713,TH-96,Narathiwat Province,ADM1
41,0.427454035567,0.647618799311,0.580605867111,0.729037770767,0.870108453101,1.0050202938,0.880297599266,0.834607218153,1.00043949167,1.01421231053,0.980102064796,1.17536435031,0.961335189104,0.948871174188,0.980807908785,1.15093367569,1.33180712828,0.610917804573,2.852294015,2.03203394263,1.38733355774,2.31951103502,ADM1,41,THA,THA-ADM1-36821470B39097958,TH-34,Ubon Ratchathani Province,ADM1
42,2.1790085766,3.38532806614,2.94141050032,4.16181482968,3.98538472928,3.58718469537,4.19876518262,4.10955484719,3.69799376016,3.85328836394,3.93583139069,4.71403785505,4.41250483554,4.11299895245,3.7688448643,4.22286188149,4.18170713789,4.64367969099,5.06139711374,4.85424539946,4.7531650258,5.22822994853,ADM1,42,THA,THA-ADM1-36821470B61788953,TH-77,Prachuap Khiri Khan Province,ADM1
43,2.39444587851,3.42055848649,3.28754946414,4.94113751434,5.75418648391,5.29176852694,5.63842897299,4.82416115425,4.82172592124,4.91967141415,5.29604109295,5.66663061923,5.43938865459,5.69911182982,5.7619788801,5.50320913035,6.3536277715,5.82962710427,6.34014101424,6.76760736269,6.00603032716,6.79228822817,ADM1,43,THA,THA-ADM1-36821470B60815962,TH-90,Songkhla Province,ADM1
44,19.4094905439,23.3895881082,20.6682577097,23.0956971844,24.8325102142,25.0996308245,27.0943718716,26.3491701285,27.1277507088,28.6501477083,27.2745141922,30.3558006086,32.295446077,33.6808066596,32.4218421517,32.0199756004,34.1557714216,37.6048769122,24.1167760313,30.601792231,28.464504102,32.5525255573,ADM1,44,THA,THA-ADM1-36821470B99622137,TH-83,Phuket Province,ADM1
45,4.22977678074,6.75662155166,8.00144273156,11.0351995087,12.2756244575,11.1385091235,10.6055969771,10.07589348,9.82569410591,9.44810414023,9.51222102576,10.0994858484,10.7661678369,9.92061674626,9.58387637699,10.0445722775,3.86219997111,3.62091781721,11.5694990108,11.62409158,12.0242963417,13.7202796792,ADM1,45,THA,THA-ADM1-36821470B91504269,TH-15,Ang Thong Province,ADM1
46,0.642934492665,0.659259542741,0.880330272777,1.13650211174,1.12415315326,1.29597765405,1.36845855951,1.42833106472,1.34300135144,1.36319641015,1.62473217643,1.37744367039,1.87387945477,1.96659625906,2.41265333447,2.08900449092,1.71331096953,0.730960564167,3.67265539605,3.94775279879,3.16486600822,4.07063884351,ADM1,46,THA,THA-ADM1-36821470B36681268,TH-44,Maha Sarakham Province,ADM1
47,1.33268361774,1.93377598057,2.04470261566,3.46293027984,3.80266615123,3.89640808534,5.4447748821,4.17924621781,4.59004571317,4.33315755872,4.62787211637,4.87275081741,4.93800306598,4.54014243218,4.07045654734,4.210497307,4.6066460845,4.01014228693,4.83989611815,4.90778441949,3.50633440746,4.83833675696,ADM1,47,THA,THA-ADM1-36821470B23442314,TH-92,Trang Province,ADM1
48,2.26564422067,4.73611941098,4.44834287427,6.5733966805,7.85024950606,6.87049638154,8.03887457332,7.31192406546,8.30032876658,7.75372814188,7.61413185667,7.62371071343,8.13613495742,8.04492560719,6.70096303259,6.88707439913,5.09259976935,4.91521651654,8.2442337999,9.21472690389,8.55295560194,9.81489944324,ADM1,48,THA,THA-ADM1-36821470B89175552,TH-72,Suphan Buri Province,ADM1
49,3.85263859069,6.54955666322,9.50673037937,11.8333886752,12.3211699399,11.5323027842,10.5369596352,10.0484091527,9.50998894091,9.04123804318,9.35274501921,9.5538019749,10.2406696347,10.1844175711,8.78427740544,9.63206646393,4.72085010366,4.28621485934,10.4429758131,10.7174443451,11.092729231,12.6511706884,ADM1,49,THA,THA-ADM1-36821470B36783186,TH-17,Sing Buri Province,ADM1
50,10.0117564781,12.3852603247,12.7868072635,15.3810107495,17.2370854695,14.718077941,15.4890594323,14.372121605,14.0344662914,14.3248592041,13.8332575071,14.0982798743,15.785972317,15.1779647799,14.1625251358,14.26430034,14.3277205075,17.4450066373,15.266211119,17.5358887594,16.7262402951,18.9162224668,ADM1,50,THA,THA-ADM1-36821470B28950223,TH-75,Samut Songkhram Province,ADM1
51,5.08596575243,8.95764391589,8.74586372019,11.0666946382,12.9479567137,14.2867593252,14.222478765,12.6593411245,12.8179714689,12.6664675896,11.8591349021,13.4380778897,14.3136286925,15.3679260911,13.3772520721,13.577734559,14.6975037378,11.9562929378,12.683991417,15.9520791288,14.3084824054,16.4763518049,ADM1,51,THA,THA-ADM1-36821470B40285974,TH-21,Rayong Province,ADM1
52,0.305065092661,1.37059267476,1.54642667274,3.16101048217,4.08901920922,4.00081040229,4.55045350971,4.15363508508,4.18686225978,4.11715906549,3.83981205268,4.19526515788,4.68404559481,4.76363422846,4.38928037694,4.31393410647,2.76747420752,1.39892005422,5.66080899462,6.76422817483,5.51747721382,6.40132974287,ADM1,52,THA,THA-ADM1-36821470B49800024,TH-25,Prachin Buri Province,ADM1
53,9.79785158887,12.3947371064,13.9653479451,17.6283378316,19.6830722079,18.7596987066,18.6167928231,18.3056766274,16.2595184824,16.2213593066,15.3726546824,17.2229925006,17.6775162988,18.4793778064,17.3945588917,17.5859433849,14.8693065752,14.0945702735,16.5440677106,17.3279255843,18.5687216778,21.0257306456,ADM1,53,THA,THA-ADM1-36821470B81139968,TH-14,Phra Nakhon Si Ayutthaya Province,ADM1
54,0.673061945001,1.39852880742,1.0901379027,1.5132751372,1.66384865251,1.38058667894,1.57727117826,1.38640780173,1.80129687021,2.11554963212,2.21880907587,2.47170156487,2.54290668239,2.87768498737,2.82361342579,2.66676205882,1.19118852033,0.504057253427,3.92845673591,4.18036349146,3.15524453365,3.83915720254,ADM1,54,THA,THA-ADM1-36821470B83540603,TH-66,Phichit Province,ADM1
55,0.592501773587,0.881075853585,0.786199146528,1.76109873251,2.17379615679,2.51823449762,3.44383587901,2.84392981587,2.89295681151,2.96725424257,3.82359120915,3.29900233572,3.38908533585,2.93540587395,2.74077635572,2.93945794517,3.83731711133,3.07837547253,4.3716439768,4.61671876266,3.49225358318,4.45930850585,ADM1,55,THA,THA-ADM1-36821470B42959155,TH-93,Phatthalung Province,ADM1
56,0.579088042698,1.35583119052,1.08950837304,2.32455312802,2.35969189854,1.96433948981,3.00712831424,2.51107426217,2.5342818549,2.61392392113,2.76549174138,3.25973408443,3.34201502975,2.61821616779,2.58856759015,3.10073777637,3.27769148886,2.81842672051,3.52601525047,3.8296952722,3.49520487131,4.08273965474,ADM1,56,THA,THA-ADM1-36821470B12523117,TH-82,Phangnga Province,ADM1
57,1.70026643247,3.50570877134,2.96399755822,5.40118166698,6.79377135005,5.94812728369,6.56422659312,5.87539194529,5.52518553473,5.70723669834,6.31585956739,6.79653307562,7.11126745701,7.56725902072,7.29914325348,7.24881438181,7.75484901227,8.08892602039,8.75776561211,9.09100186479,8.86185793642,9.14262807923,ADM1,57,THA,THA-ADM1-36821470B46033550,TH-94,Pattani Province,ADM1
58,19.8056711782,22.1456971897,22.2921215637,26.6736163054,28.760553549,28.5072401686,29.62941696,29.3832158535,26.7288509188,27.1987728986,26.0587238429,29.2827253777,29.916339345,31.6143312858,29.785356041,29.4706520386,29.0196757851,27.9394334844,22.3289917377,26.7384492424,26.310407766,29.6527764593,ADM1,58,THA,THA-ADM1-36821470B96409674,TH-13,Pathum Thani Province,ADM1
59,1.76494293404,2.32062820062,2.31558216594,4.27325800946,4.19149964599,4.27779565815,5.01095909988,3.9314100628,4.30233893774,4.09473328476,4.34571382034,4.51698425777,4.69871866211,3.89547630464,3.61671998347,3.82984311564,4.09565965402,3.8881802449,4.6424290325,4.61364546,4.05586810825,4.65667219422,ADM1,59,THA,THA-ADM1-36821470B91405430,TH-80,Nakhon Si Thammarat Province,ADM1
60,1.03209069257,2.65608455568,2.43694674918,4.50462801912,5.18085751559,4.52158730474,5.921910845,6.04667538561,5.94818153469,5.76432875993,4.90601901604,5.2519838404,4.89030864937,5.47319932329,4.68992783188,4.51045787375,1.13065469483,1.07765311149,6.4915650677,7.0673343444,6.42822563963,7.24470239258,ADM1,60,THA,THA-ADM1-36821470B85460971,TH-26,Nakhon Nayok Province,ADM1
61,0.337100042347,0.591719595393,0.553944562767,0.630713494117,0.860041807949,1.07071660564,0.863675762033,1.24592965438,0.956541189585,0.859897169858,0.900823591626,0.973078424029,0.943776318404,1.20846240493,1.19360313972,1.40757713279,1.66171103412,0.583618942479,2.60946057877,2.14922331351,1.33911009969,2.87308463888,ADM1,61,THA,THA-ADM1-36821470B55123949,TH-49,Mukdahan Province,ADM1
62,1.86096778939,2.17067440677,2.31132337513,3.07542156391,3.85963887528,2.87458448461,3.41653952724,4.03213129396,3.73936732308,3.94378576787,3.94519312072,4.16450037001,4.94188251105,4.63831713967,4.40444123613,5.54443767548,3.80719995517,5.75418805889,6.24781290336,7.93235125155,5.7655046611,6.65549555113,ADM1,62,THA,THA-ADM1-36821470B58791686,TH-16,Lopburi Province,ADM1
63,0.724155367497,1.386904404,1.37177667998,2.863200951,3.29144656158,2.46342198335,4.07362210698,3.26898450614,3.30930361828,3.07680127669,3.46979445913,4.12939919502,4.79432242067,3.76617588388,3.48868275088,4.01304487625,4.34321406839,4.07710674854,4.58245995094,4.71155510803,4.12628512608,4.73446239689,ADM1,63,THA,THA-ADM1-36821470B97849888,TH-81,Krabi Province,ADM1
64,8.25928439061,13.2334547212,12.776982403,14.6651257444,16.0728626313,16.0541751696,16.0373585914,15.0984653786,15.0871430373,15.4112452738,14.6595281977,16.478654345,18.1694773782,19.0514196986,18.1243195399,17.9078359966,19.8809851901,16.2558611707,15.1647942893,19.4671081565,17.119517074,19.602625556,ADM1,64,THA,THA-ADM1-36821470B29548948,TH-20,Chon Buri Province,ADM1
65,1.14232290723,1.72077109709,1.55965419852,2.00169652375,2.16120809522,2.19775581233,2.08423623992,1.82123282303,1.85763922744,2.1163744189,2.00105618025,2.04799118337,2.4725191989,2.09481241751,2.31773195543,2.21324957944,2.38160581792,1.51580460997,3.66599084418,3.09833583279,2.67574039586,3.19173435473,ADM1,65,THA,THA-ADM1-36821470B77816929,TH-50,Chiang Mai Province,ADM1
66,0.947533310846,2.06505866844,2.40185113093,3.3187332917,3.43087198225,3.20290934183,3.09694497274,2.58901652106,3.51135403014,4.20522732181,4.24672176649,4.04548971346,4.37635126875,4.29376873129,4.13223094311,4.29574549792,0.891928831125,0.942559561866,5.65547291341,5.69266709937,5.26085012001,6.10674050275,ADM1,66,THA,THA-ADM1-36821470B99145557,TH-18,Chai Nat Province,ADM1
67,0.0939914248585,0.261756849702,0.316274886033,0.378536954217,0.591990746424,0.625638394663,0.550236424715,0.702941205687,0.562095806821,0.658891412375,0.873952937732,1.03467105583,0.968896622284,0.903234975845,0.939478504518,1.18429706265,1.29300482837,0.361637714697,2.1572642823,1.55618939232,1.04219063377,1.92842384633,ADM1,67,THA,THA-ADM1-36821470B50131326,TH-37,Amnat Charoen Province,ADM1
68,21.9792355013,24.7996516739,24.1400041409,28.0201218756,29.0884340752,27.2612407889,26.3163840728,24.7829015942,24.1949969539,25.7606446903,23.4996241663,26.6589514356,28.4141810261,28.5222860429,27.8309473175,26.1996436151,27.719911818,28.3085543829,21.6751067461,26.5084631273,24.3734575384,27.659819179,ADM1,68,THA,THA-ADM1-36821470B39485596,TH-74,Samut Sakhon Province,ADM1
69,37.924479351,41.0501047709,39.5266761878,42.2648381273,46.2388471172,44.4675642711,42.9482752962,41.3662454983,40.7410818417,41.1380354528,38.5474996431,43.1157310524,43.6667458147,42.0175897666,42.2162979227,39.7645146996,44.2291731576,44.4693537426,29.0199793734,38.5281563679,33.4575379485,37.9370815436,ADM1,69,THA,THA-ADM1-36821470B37055676,TH-11,Samut Prakan Province,ADM1
70,0.162085710191,0.29924931115,0.26176659336,0.379114779009,0.396041707783,0.560073271588,0.51427562848,0.430320771804,0.435969879334,0.44272213187,0.546769564226,0.414348279065,0.635664418728,0.42132013689,0.506551671418,0.569329277191,0.598983801832,0.172346015608,1.39739286367,1.12676666762,0.96539190577,1.06945504474,ADM1,70,THA,THA-ADM1-36821470B12447243,TH-55,Nan Province,ADM1
71,0.811255397754,2.31396893113,2.15170103649,2.69521166705,2.84509589649,2.85469032827,3.05417557133,2.49343835259,3.08634954735,3.12396568445,2.68657413559,3.03801507217,3.08452396998,3.00496361207,2.72431780231,2.54557689245,2.4097891158,0.544097647133,3.39332676032,4.25301963314,2.9211708536,3.8828014998,ADM1,71,THA,THA-ADM1-36821470B10435533,TH-22,Chanthaburi Province,ADM1
72,0.40323163168,0.5887916482,0.716115121109,0.843690808681,1.17103133437,1.63694319203,0.981090887522,0.820134997081,1.16395857286,1.25868013123,1.37542509388,1.39831032496,1.16677949217,1.16154838799,1.56114951015,1.81723962768,1.91587491799,0.456444424375,2.86075291979,2.72262327958,1.70126613997,3.21315055823,ADM1,72,THA,THA-ADM1-36821470B39802611,TH-48,Nakhon Phanom Province,ADM1
73,0.915606101985,1.58708180492,1.10078977768,1.5358114218,1.97324390018,1.4143508331,1.85651632531,1.3530993496,1.50851693554,1.49473654299,1.51664482345,1.53391774476,1.85145325684,2.04964139012,1.61639296805,1.81011540749,1.66517278865,1.50049398698,2.484494847,2.99157346203,2.29168124351,2.91627216588,ADM1,73,THA,THA-ADM1-36821470B5446388,TH-71,Kanchanaburi Province,ADM1
74,0.060782744885,0.142208759176,0.0829015573135,0.140495499001,0.163873637932,0.164648579497,0.197286748037,0.147086479524,0.144045850198,0.182286627843,0.164624628526,0.158800313971,0.200217855374,0.155009327529,0.155772485887,0.189271303439,0.214000125713,0.0670561464154,1.04368819858,0.489905457538,0.380333665932,0.578745576698,ADM1,74,THA,THA-ADM1-36821470B41068371,TH-58,Mae Hong Son Province,ADM1
75,0.210084668032,0.523806278439,0.552469071882,0.779273142026,0.977971562097,1.07605488499,1.00962361434,1.12829395582,1.73644842258,1.70555008899,1.29136070657,1.48661011874,1.79290363816,1.62555606768,1.53044429003,1.53413482122,1.04982031912,0.678307425981,3.05777550142,5.36308889001,2.4810635899,3.11641892577,ADM1,75,THA,THA-ADM1-36821470B97364135,TH-27,Sa Kaeo Province,ADM1
76,0.470735111696,1.60693142513,1.2316741698,2.86762522971,3.17512552323,2.80732906602,4.19830313879,3.11326148961,3.30927997252,3.38748326721,3.7097154124,3.45465188445,3.27355229727,3.32002056799,3.36720710999,3.45774640846,4.29792806594,2.97020738836,4.19793589746,5.16127329005,4.24190278271,5.49752299908,ADM1,76,THA,THA-ADM1-36821470B74840492,TH-91,Satun Province,ADM1
